order_id,customer_id,order_date,delivery_date,product_category,order_value,payment_method,customer_segment,country,account_age_days,total_orders_lifetime,delivery_days,has_return,return_reason,days_to_return,refund_amount,refund_frequency_30d,is_fraud,fraud_type
ORD_0033554,CUST_00351,2022-04-25,2022-04-26,home,40.73,debit_card,regular,CA,57,11,1,0,,,0.0,0,0,
ORD_0009428,CUST_01185,2023-05-18,2023-05-27,beauty,24.02,debit_card,budget,US,3043,11,9,0,,,0.0,1,0,
ORD_0000200,CUST_00941,2024-01-09,2024-01-16,home,23.92,credit_card,regular,IN,454,7,7,1,not_as_described,23.0,14.17,1,0,
ORD_0012448,CUST_01798,2022-01-19,2022-02-01,beauty,55.76,credit_card,premium,IN,806,12,13,0,,,0.0,1,0,
ORD_0039490,CUST_00371,2022-10-20,2022-10-24,electronics,455.37,debit_card,budget,DE,2824,10,4,0,,,0.0,1,0,
ORD_0042725,CUST_00874,2022-11-17,2022-11-22,clothing,45.76,paypal,vip,US,1867,16,5,0,,,0.0,0,0,
ORD_0010823,CUST_00278,2024-09-05,2024-09-17,clothing,32.99,credit_card,budget,IN,3350,7,12,0,,,0.0,0,0,
ORD_0049499,CUST_01551,2022-09-15,2022-09-25,electronics,282.95,debit_card,regular,US,1291,10,10,0,,,0.0,0,0,
ORD_0004145,CUST_00599,2022-12-06,2022-12-11,beauty,31.09,credit_card,budget,US,3415,9,5,0,,,0.0,0,0,
ORD_0036959,CUST_01470,2023-04-27,2023-04-29,beauty,28.7,credit_card,regular,US,3010,14,2,1,defective,9.0,24.65,1,0,
ORD_0043107,CUST_01879,2023-06-17,2023-06-30,electronics,230.62,credit_card,budget,UK,3607,5,13,0,,,0.0,0,0,
ORD_0038696,CUST_00575,2022-07-13,2022-07-19,beauty,28.9,credit_card,regular,DE,3518,12,6,1,wrong_size,13.0,25.14,1,0,
ORD_0006189,CUST_00881,2024-01-12,2024-01-18,clothing,89.75,crypto,premium,AU,1958,17,6,1,wrong_size,4.0,87.17,2,0,
ORD_0001415,CUST_00609,2023-07-12,2023-07-16,sports,45.3,credit_card,regular,DE,2559,8,4,0,,,0.0,0,0,
ORD_0018472,CUST_01258,2022-11-29,2022-12-02,home,56.24,debit_card,regular,UK,697,12,3,0,,,0.0,0,0,
ORD_0029283,CUST_00029,2024-09-29,2024-09-30,sports,269.65,apple_pay,regular,FR,1352,14,1,0,,,0.0,2,0,
ORD_0015178,CUST_01222,2022-10-27,2022-11-05,clothing,42.7,paypal,premium,DE,3088,8,9,0,,,0.0,0,0,
ORD_0034305,CUST_00203,2023-01-08,2023-01-20,home,21.33,credit_card,premium,US,1712,13,12,0,,,0.0,0,0,
ORD_0012610,CUST_00905,2024-05-17,2024-05-28,clothing,39.96,credit_card,premium,UK,2101,15,11,0,,,0.0,1,0,
ORD_0012145,CUST_00591,2023-10-30,2023-11-03,electronics,105.96,credit_card,budget,UK,3011,12,4,0,,,0.0,0,0,
ORD_0006114,CUST_01594,2022-04-10,2022-04-15,sports,55.73,debit_card,regular,US,3358,13,5,0,,,0.0,0,0,
ORD_0015909,CUST_01767,2023-09-07,2023-09-14,beauty,74.03,credit_card,budget,CA,2489,19,7,1,defective,18.0,67.53,2,0,
ORD_0000822,CUST_00956,2023-08-12,2023-08-16,electronics,264.41,debit_card,budget,US,1815,5,4,0,,,0.0,0,0,
ORD_0015119,CUST_01683,2023-04-03,2023-04-09,electronics,79.44,credit_card,budget,US,465,17,6,0,,,0.0,0,0,
ORD_0013467,CUST_01391,2023-08-13,2023-08-15,clothing,44.84,credit_card,budget,AU,3185,9,2,0,,,0.0,0,0,
ORD_0026498,CUST_01161,2022-10-31,2022-11-09,books,17.89,credit_card,regular,AU,2349,16,9,0,,,0.0,1,0,
ORD_0042112,CUST_01051,2024-01-19,2024-01-21,clothing,44.08,credit_card,regular,IN,2051,11,2,0,,,0.0,0,0,
ORD_0030189,CUST_01465,2022-07-20,2022-08-01,electronics,52.2,credit_card,regular,AU,792,13,12,0,,,0.0,1,0,
ORD_0037238,CUST_00963,2024-02-12,2024-02-17,clothing,68.29,credit_card,regular,IN,892,19,5,0,,,0.0,0,0,
ORD_0033110,CUST_00006,2024-12-28,2025-01-05,electronics,58.25,credit_card,budget,DE,1661,16,8,1,wrong_size,26.0,34.49,0,0,
ORD_0036481,CUST_00082,2023-08-19,2023-08-24,electronics,155.84,debit_card,regular,UK,1859,19,5,0,,,0.0,0,0,
ORD_0024149,CUST_01299,2024-02-06,2024-02-12,clothing,32.95,paypal,premium,FR,2578,13,6,0,,,0.0,2,0,
ORD_0005504,CUST_00718,2023-01-07,2023-01-19,clothing,40.81,paypal,regular,UK,844,14,12,0,,,0.0,1,0,
ORD_0003919,CUST_01097,2022-06-11,2022-06-14,clothing,98.04,credit_card,premium,IN,3601,6,3,0,,,0.0,1,0,
ORD_0038479,CUST_01867,2023-10-19,2023-10-24,sports,102.1,paypal,regular,US,754,14,5,0,,,0.0,0,0,
ORD_0021124,CUST_00279,2023-01-04,2023-01-13,clothing,50.96,apple_pay,premium,US,529,10,9,0,,,0.0,0,0,
ORD_0049718,CUST_01373,2022-10-03,2022-10-11,home,59.9,credit_card,regular,UK,2512,10,8,1,defective,24.0,40.94,0,0,
ORD_0042295,CUST_01223,2022-02-17,2022-03-01,home,181.42,debit_card,budget,IN,3009,15,12,1,changed_mind,21.0,123.88,0,0,
ORD_0047610,CUST_00961,2023-10-25,2023-10-29,clothing,119.33,credit_card,regular,UK,910,13,4,1,changed_mind,28.0,67.82,0,0,
ORD_0011077,CUST_01014,2023-07-08,2023-07-15,sports,115.08,credit_card,regular,US,913,13,7,0,,,0.0,0,0,
ORD_0041515,CUST_00614,2024-01-02,2024-01-03,sports,50.13,debit_card,regular,AU,1325,10,1,0,,,0.0,0,0,
ORD_0022063,CUST_00209,2022-08-29,2022-09-06,clothing,76.54,debit_card,premium,US,1946,7,8,1,not_as_described,16.0,49.42,0,0,
ORD_0009414,CUST_01421,2023-01-18,2023-01-29,home,135.75,debit_card,regular,US,80,10,11,0,,,0.0,0,0,
ORD_0038341,CUST_01193,2023-12-08,2023-12-20,home,32.52,apple_pay,vip,DE,1081,11,12,0,,,0.0,0,0,
ORD_0030264,CUST_00517,2024-05-25,2024-05-26,books,12.02,debit_card,budget,UK,3078,11,1,0,,,0.0,0,0,
ORD_0041253,CUST_01325,2022-06-24,2022-06-29,beauty,44.32,credit_card,budget,IN,2189,15,5,0,,,0.0,0,0,
ORD_0014645,CUST_00171,2023-10-19,2023-10-25,clothing,38.19,paypal,premium,UK,1134,11,6,0,,,0.0,1,0,
ORD_0026336,CUST_00618,2023-08-10,2023-08-22,beauty,38.84,paypal,regular,AU,1790,11,12,0,,,0.0,0,0,
ORD_0028103,CUST_00505,2022-02-26,2022-03-07,clothing,30.64,credit_card,budget,US,2769,16,9,0,,,0.0,0,0,
ORD_0017524,CUST_01052,2023-03-08,2023-03-19,clothing,67.4,credit_card,regular,IN,1599,21,11,0,,,0.0,0,0,
ORD_0024713,CUST_01666,2022-10-01,2022-10-12,electronics,52.25,credit_card,premium,UK,2691,11,11,0,,,0.0,0,0,
ORD_0040486,CUST_01000,2022-06-11,2022-06-23,sports,48.22,credit_card,premium,UK,142,15,12,0,,,0.0,0,0,
ORD_0003851,CUST_01693,2022-01-20,2022-01-26,electronics,146.39,credit_card,regular,UK,2228,11,6,0,,,0.0,2,0,
ORD_0040041,CUST_00035,2022-11-25,2022-12-03,beauty,31.32,debit_card,regular,US,1925,11,8,0,,,0.0,1,0,
ORD_0015268,CUST_01392,2023-11-08,2023-11-09,home,65.24,credit_card,budget,US,1704,7,1,0,,,0.0,1,0,
ORD_0049147,CUST_00117,2024-11-03,2024-11-06,beauty,17.51,apple_pay,regular,DE,2216,17,3,1,not_as_described,23.0,13.68,2,0,
ORD_0030002,CUST_01646,2024-04-10,2024-04-19,beauty,32.14,debit_card,budget,US,1044,17,9,0,,,0.0,1,0,
ORD_0045927,CUST_01818,2024-04-09,2024-04-14,electronics,151.52,credit_card,regular,US,1076,15,5,0,,,0.0,1,0,
ORD_0043825,CUST_00356,2022-02-25,2022-03-05,home,97.69,paypal,budget,UK,368,14,8,0,,,0.0,0,0,
ORD_0017241,CUST_00828,2024-04-16,2024-04-26,clothing,94.05,credit_card,regular,CA,1018,12,10,0,,,0.0,0,0,
ORD_0004893,CUST_01576,2022-04-02,2022-04-04,sports,169.8,paypal,regular,CA,2764,11,2,0,,,0.0,0,0,
ORD_0000726,CUST_01279,2022-05-08,2022-05-21,sports,27.18,debit_card,regular,US,1529,9,13,0,,,0.0,0,0,
ORD_0022950,CUST_00916,2022-05-27,2022-06-09,home,179.99,credit_card,budget,UK,746,9,13,0,,,0.0,1,0,
ORD_0034658,CUST_01924,2022-06-10,2022-06-18,electronics,182.6,credit_card,regular,DE,3429,14,8,0,,,0.0,0,0,
ORD_0037214,CUST_00910,2022-09-20,2022-09-29,clothing,37.22,paypal,budget,AU,494,14,9,0,,,0.0,0,0,
ORD_0020305,CUST_00013,2022-03-18,2022-03-31,beauty,14.12,paypal,premium,US,1186,10,13,0,,,0.0,0,0,
ORD_0015270,CUST_00868,2023-06-25,2023-07-01,electronics,247.34,credit_card,regular,UK,1811,13,6,1,changed_mind,19.0,146.15,0,0,
ORD_0022368,CUST_01222,2024-10-14,2024-10-18,clothing,65.25,credit_card,premium,DE,3088,8,4,1,wrong_size,28.0,43.91,0,0,
ORD_0042685,CUST_01604,2022-01-24,2022-01-31,home,42.49,credit_card,premium,US,1887,17,7,0,,,0.0,1,0,
ORD_0046735,CUST_01722,2022-03-14,2022-03-19,books,22.25,apple_pay,premium,DE,1246,14,5,1,wrong_size,17.0,12.13,0,0,
ORD_0011733,CUST_01259,2024-03-02,2024-03-09,electronics,338.77,credit_card,regular,IN,3058,7,7,1,wrong_size,25.0,175.54,1,0,
ORD_0018620,CUST_00246,2024-09-20,2024-09-26,electronics,29.63,paypal,regular,US,1198,12,6,0,,,0.0,0,0,
ORD_0048493,CUST_01649,2022-09-30,2022-10-11,home,57.35,credit_card,premium,FR,815,15,11,0,,,0.0,0,0,
ORD_0026804,CUST_00714,2024-06-01,2024-06-02,home,46.77,apple_pay,premium,US,3287,10,1,1,wrong_size,6.0,37.32,0,0,
ORD_0044306,CUST_01163,2024-12-24,2025-01-02,electronics,65.38,paypal,budget,US,3616,12,9,1,not_as_described,11.0,49.14,0,0,
ORD_0047523,CUST_01418,2024-03-19,2024-04-01,sports,58.39,credit_card,regular,CA,3102,10,13,1,gift_return,10.0,30.23,1,0,
ORD_0032208,CUST_00181,2022-01-08,2022-01-11,home,41.44,debit_card,budget,IN,542,14,3,1,not_as_described,27.0,36.03,1,0,
ORD_0002531,CUST_00456,2024-06-09,2024-06-16,clothing,64.73,paypal,premium,AU,1941,10,7,0,,,0.0,0,0,
ORD_0017747,CUST_00444,2024-04-23,2024-05-05,electronics,123.98,debit_card,vip,UK,723,14,12,0,,,0.0,0,0,
ORD_0008271,CUST_00208,2022-05-16,2022-05-22,electronics,183.14,credit_card,regular,IN,1074,12,6,1,not_as_described,21.0,160.91,2,0,
ORD_0015080,CUST_00976,2024-02-16,2024-02-29,sports,43.61,credit_card,premium,US,1219,11,13,0,,,0.0,2,0,
ORD_0013625,CUST_01521,2023-02-21,2023-03-05,home,51.36,debit_card,budget,UK,2873,11,12,0,,,0.0,0,0,
ORD_0030639,CUST_01223,2023-05-16,2023-05-19,electronics,70.7,credit_card,budget,IN,3009,15,3,0,,,0.0,2,0,
ORD_0030441,CUST_00833,2022-01-04,2022-01-06,clothing,56.33,debit_card,budget,FR,1781,10,2,0,,,0.0,0,0,
ORD_0036057,CUST_00364,2022-05-16,2022-05-18,books,14.42,credit_card,vip,US,1589,13,2,0,,,0.0,0,0,
ORD_0042652,CUST_01203,2024-10-30,2024-11-06,electronics,140.03,credit_card,regular,DE,215,10,7,1,changed_mind,25.0,108.62,0,0,
ORD_0036804,CUST_01668,2023-12-02,2023-12-09,clothing,39.18,debit_card,premium,US,258,15,7,0,,,0.0,0,0,
ORD_0048225,CUST_00946,2023-10-08,2023-10-11,electronics,750.91,credit_card,vip,IN,3542,10,3,1,not_as_described,7.0,666.42,0,0,
ORD_0029227,CUST_00545,2024-07-23,2024-07-31,beauty,27.4,paypal,premium,US,1433,14,8,0,,,0.0,1,0,
ORD_0005634,CUST_01727,2024-06-24,2024-06-29,home,21.13,paypal,regular,IN,78,15,5,0,,,0.0,0,0,
ORD_0005988,CUST_00275,2023-10-14,2023-10-15,clothing,21.75,credit_card,vip,CA,282,12,1,0,,,0.0,1,0,
ORD_0048064,CUST_01881,2023-08-30,2023-09-11,sports,70.33,paypal,vip,US,3507,7,12,0,,,0.0,0,0,
ORD_0001813,CUST_01120,2023-08-03,2023-08-11,electronics,212.5,credit_card,premium,UK,2673,12,8,0,,,0.0,0,0,
ORD_0027579,CUST_00737,2022-05-13,2022-05-26,electronics,189.84,paypal,regular,AU,314,13,13,1,gift_return,8.0,101.07,1,0,
ORD_0016824,CUST_01131,2023-12-05,2023-12-15,beauty,20.41,credit_card,premium,DE,3368,14,10,1,defective,15.0,15.17,0,0,
ORD_0003929,CUST_00281,2022-03-10,2022-03-18,home,44.03,credit_card,regular,UK,1643,10,8,0,,,0.0,0,0,
ORD_0037287,CUST_01583,2024-10-16,2024-10-24,electronics,86.98,crypto,regular,CA,2971,22,8,0,,,0.0,1,0,
ORD_0025046,CUST_00483,2022-01-24,2022-01-30,clothing,60.24,credit_card,regular,DE,1568,6,6,0,,,0.0,0,0,
ORD_0015728,CUST_00859,2023-04-06,2023-04-10,books,14.49,debit_card,premium,CA,2211,12,4,0,,,0.0,2,0,
ORD_0029601,CUST_01646,2022-04-20,2022-04-21,clothing,55.94,paypal,budget,US,1044,17,1,0,,,0.0,0,0,
ORD_0010431,CUST_00155,2023-08-10,2023-08-12,home,26.89,debit_card,premium,IN,667,14,2,1,wrong_size,10.0,21.4,1,0,
ORD_0025769,CUST_01142,2023-05-17,2023-05-23,electronics,96.24,paypal,budget,US,393,10,6,0,,,0.0,0,0,
ORD_0029104,CUST_00523,2024-01-09,2024-01-16,home,168.43,debit_card,regular,IN,2430,4,7,0,,,0.0,0,0,
ORD_0036538,CUST_01649,2022-12-25,2022-12-28,beauty,31.33,paypal,premium,FR,815,15,3,1,not_as_described,4.0,22.07,1,0,
ORD_0039329,CUST_01471,2023-09-08,2023-09-16,books,13.92,credit_card,budget,US,2365,7,8,0,,,0.0,0,0,
ORD_0035540,CUST_01897,2023-12-09,2023-12-18,beauty,23.73,credit_card,vip,DE,3032,13,9,1,changed_mind,20.0,22.59,0,0,
ORD_0028076,CUST_00614,2024-02-13,2024-02-19,home,31.31,paypal,regular,AU,1325,10,6,1,not_as_described,18.0,22.81,1,0,
ORD_0017841,CUST_00126,2022-08-16,2022-08-29,electronics,120.96,crypto,regular,UK,2765,18,13,1,wrong_size,4.0,89.46,0,0,
ORD_0027803,CUST_00145,2023-08-22,2023-08-27,electronics,331.5,paypal,budget,DE,707,13,5,1,changed_mind,14.0,326.28,0,0,
ORD_0007683,CUST_00376,2023-08-17,2023-08-23,electronics,37.76,apple_pay,premium,US,1747,9,6,0,,,0.0,0,0,
ORD_0024280,CUST_01590,2022-06-15,2022-06-20,books,17.14,debit_card,regular,US,2155,16,5,0,,,0.0,0,0,
ORD_0033071,CUST_00717,2022-12-04,2022-12-09,clothing,39.41,paypal,premium,US,2522,8,5,0,,,0.0,1,0,
ORD_0035558,CUST_01645,2022-12-17,2022-12-27,sports,66.71,apple_pay,vip,CA,2317,10,10,0,,,0.0,0,0,
ORD_0037190,CUST_00130,2023-01-20,2023-01-25,books,45.85,credit_card,budget,AU,659,10,5,0,,,0.0,0,0,
ORD_0047150,CUST_01098,2024-05-31,2024-06-10,clothing,109.42,paypal,regular,DE,3344,13,10,0,,,0.0,0,0,
ORD_0046916,CUST_01408,2023-09-04,2023-09-13,sports,45.76,debit_card,vip,FR,1185,11,9,0,,,0.0,0,0,
ORD_0009802,CUST_00979,2022-01-11,2022-01-14,clothing,52.2,debit_card,premium,US,3378,13,3,0,,,0.0,2,0,
ORD_0038801,CUST_01212,2023-11-07,2023-11-17,clothing,56.04,apple_pay,regular,IN,2942,10,10,1,changed_mind,8.0,29.08,2,0,
ORD_0024670,CUST_00117,2023-01-20,2023-01-28,clothing,99.04,paypal,regular,DE,2216,17,8,0,,,0.0,2,0,
ORD_0044234,CUST_00315,2022-09-30,2022-10-13,electronics,270.78,apple_pay,regular,AU,3378,12,13,0,,,0.0,1,0,
ORD_0031920,CUST_00069,2024-06-06,2024-06-09,beauty,52.43,paypal,premium,US,3161,17,3,0,,,0.0,0,0,
ORD_0007135,CUST_00773,2022-03-12,2022-03-18,home,76.55,credit_card,regular,IN,2234,10,6,0,,,0.0,0,0,
ORD_0033705,CUST_01782,2023-11-17,2023-11-26,books,15.76,debit_card,regular,US,2909,8,9,0,,,0.0,1,0,
ORD_0029661,CUST_00448,2024-04-09,2024-04-10,home,57.49,debit_card,regular,US,703,18,1,0,,,0.0,0,0,
ORD_0017894,CUST_01174,2024-03-08,2024-03-16,clothing,32.87,paypal,budget,UK,3393,16,8,1,not_as_described,19.0,17.18,1,0,
ORD_0022019,CUST_01140,2022-08-11,2022-08-18,clothing,32.02,credit_card,budget,CA,1957,12,7,0,,,0.0,1,0,
ORD_0013539,CUST_01940,2023-09-14,2023-09-27,books,16.45,credit_card,premium,CA,2171,13,13,1,changed_mind,5.0,14.28,4,0,
ORD_0043119,CUST_01844,2024-12-18,2024-12-21,beauty,35.49,credit_card,regular,UK,1986,13,3,1,gift_return,20.0,29.01,1,0,
ORD_0036421,CUST_01406,2023-09-30,2023-10-08,beauty,67.17,credit_card,budget,CA,3492,11,8,0,,,0.0,1,0,
ORD_0009406,CUST_01496,2022-11-26,2022-12-07,electronics,513.71,paypal,vip,DE,147,13,11,0,,,0.0,1,0,
ORD_0013414,CUST_01034,2022-04-18,2022-04-23,beauty,30.68,credit_card,premium,AU,2098,16,5,0,,,0.0,0,0,
ORD_0006721,CUST_01249,2024-10-27,2024-10-28,clothing,53.34,credit_card,budget,IN,2124,16,1,0,,,0.0,0,0,
ORD_0015602,CUST_01887,2023-09-14,2023-09-19,home,21.06,credit_card,budget,AU,3434,12,5,1,wrong_size,6.0,12.11,0,0,
ORD_0044744,CUST_01751,2023-11-14,2023-11-27,home,192.99,paypal,premium,IN,1218,8,13,0,,,0.0,1,0,
ORD_0031139,CUST_00501,2024-04-09,2024-04-18,clothing,32.83,debit_card,premium,US,3129,11,9,1,defective,8.0,20.28,0,0,
ORD_0002730,CUST_01600,2022-07-24,2022-08-02,beauty,22.61,credit_card,regular,AU,1345,6,9,0,,,0.0,0,0,
ORD_0038243,CUST_00219,2023-09-27,2023-10-08,clothing,97.23,credit_card,budget,IN,2180,15,11,1,wrong_size,12.0,87.53,0,0,
ORD_0029626,CUST_00330,2022-09-06,2022-09-17,clothing,17.96,credit_card,regular,FR,3189,15,11,0,,,0.0,1,0,
ORD_0047895,CUST_00445,2024-04-20,2024-04-25,clothing,8.46,apple_pay,regular,DE,2474,12,5,0,,,0.0,0,0,
ORD_0042091,CUST_01111,2024-07-24,2024-08-06,electronics,184.75,apple_pay,vip,IN,3339,12,13,0,,,0.0,0,0,
ORD_0036400,CUST_00069,2024-11-13,2024-11-19,beauty,54.86,credit_card,premium,US,3161,17,6,0,,,0.0,1,0,
ORD_0006245,CUST_01412,2022-02-04,2022-02-10,electronics,100.96,apple_pay,vip,US,1746,12,6,0,,,0.0,0,0,
ORD_0005546,CUST_00981,2024-04-25,2024-05-01,electronics,196.2,paypal,regular,FR,2773,5,6,0,,,0.0,1,0,
ORD_0004065,CUST_01304,2024-02-15,2024-02-16,electronics,331.92,credit_card,premium,IN,706,11,1,0,,,0.0,1,0,
ORD_0012852,CUST_01500,2024-01-29,2024-02-08,clothing,63.46,credit_card,budget,US,1440,13,10,0,,,0.0,1,0,
ORD_0021803,CUST_01129,2024-01-28,2024-02-01,clothing,31.02,debit_card,regular,FR,1439,17,4,0,,,0.0,0,0,
ORD_0041164,CUST_01521,2023-02-19,2023-02-22,electronics,77.61,credit_card,budget,UK,2873,11,3,1,gift_return,23.0,66.24,1,0,
ORD_0006233,CUST_01402,2024-08-17,2024-08-29,clothing,86.02,credit_card,budget,UK,1025,16,12,0,,,0.0,0,0,
ORD_0003863,CUST_01206,2022-12-15,2022-12-21,sports,47.71,credit_card,premium,US,1796,9,6,0,,,0.0,0,0,
ORD_0035095,CUST_00183,2024-09-29,2024-10-11,clothing,38.22,debit_card,budget,FR,3162,15,12,1,gift_return,25.0,26.18,0,0,
ORD_0040196,CUST_01632,2023-12-04,2023-12-14,books,23.04,credit_card,budget,US,3461,9,10,1,not_as_described,4.0,18.58,0,0,
ORD_0039251,CUST_01250,2022-03-02,2022-03-13,clothing,96.72,debit_card,vip,IN,2364,10,11,0,,,0.0,0,0,
ORD_0006218,CUST_01134,2024-11-29,2024-12-12,clothing,60.85,credit_card,regular,FR,2684,18,13,0,,,0.0,0,0,
ORD_0036776,CUST_01362,2023-04-09,2023-04-17,electronics,98.45,credit_card,regular,US,2810,12,8,1,changed_mind,17.0,64.23,0,0,
ORD_0042977,CUST_00291,2022-05-26,2022-06-06,sports,117.47,credit_card,budget,UK,3252,14,11,1,changed_mind,13.0,90.39,0,0,
ORD_0048468,CUST_00062,2023-01-27,2023-02-02,clothing,46.25,debit_card,budget,US,1342,12,6,0,,,0.0,0,0,
ORD_0014832,CUST_01139,2024-08-10,2024-08-23,beauty,41.33,apple_pay,regular,AU,1233,8,13,0,,,0.0,0,0,
ORD_0030093,CUST_00426,2022-03-10,2022-03-18,home,88.54,debit_card,regular,UK,2229,11,8,0,,,0.0,0,0,
ORD_0008894,CUST_00636,2023-06-21,2023-07-04,home,63.27,apple_pay,regular,AU,2926,8,13,0,,,0.0,0,0,
ORD_0006021,CUST_00604,2023-04-12,2023-04-15,books,9.45,crypto,premium,AU,1524,4,3,0,,,0.0,2,0,
ORD_0046089,CUST_01979,2024-06-09,2024-06-19,home,77.94,paypal,regular,AU,1302,14,10,1,defective,19.0,68.93,2,0,
ORD_0015243,CUST_01768,2023-09-03,2023-09-08,clothing,42.91,credit_card,regular,IN,926,16,5,0,,,0.0,0,0,
ORD_0045308,CUST_00546,2024-05-08,2024-05-16,electronics,75.5,debit_card,regular,US,2079,14,8,1,changed_mind,19.0,40.72,0,0,
ORD_0026551,CUST_01304,2024-03-06,2024-03-08,home,67.44,paypal,premium,IN,706,11,2,0,,,0.0,2,0,
ORD_0006035,CUST_00664,2022-05-30,2022-06-06,clothing,102.91,credit_card,vip,CA,1452,10,7,0,,,0.0,0,0,
ORD_0007906,CUST_00728,2022-04-22,2022-05-04,electronics,628.09,debit_card,regular,US,517,15,12,0,,,0.0,0,0,
ORD_0032226,CUST_01640,2022-09-19,2022-09-21,clothing,66.79,credit_card,regular,DE,3245,16,2,0,,,0.0,1,0,
ORD_0006018,CUST_01548,2024-04-09,2024-04-18,books,15.04,credit_card,budget,US,3374,11,9,0,,,0.0,0,0,
ORD_0021880,CUST_00854,2024-01-05,2024-01-17,sports,296.5,credit_card,regular,US,3193,7,12,0,,,0.0,0,0,
ORD_0002792,CUST_01855,2022-12-23,2023-01-04,clothing,59.42,crypto,regular,IN,2867,10,12,1,defective,15.0,57.72,0,0,
ORD_0042606,CUST_00702,2024-09-20,2024-09-26,beauty,39.81,credit_card,regular,US,3027,10,6,0,,,0.0,0,0,
ORD_0005824,CUST_01766,2024-06-29,2024-07-02,beauty,59.45,credit_card,budget,DE,2308,10,3,1,not_as_described,23.0,30.79,1,0,
ORD_0015388,CUST_00383,2024-06-01,2024-06-11,books,29.1,credit_card,premium,IN,3539,7,10,1,wrong_size,15.0,20.1,0,0,
ORD_0029562,CUST_00553,2022-09-26,2022-09-27,electronics,299.39,credit_card,vip,UK,1429,13,1,0,,,0.0,0,0,
ORD_0039476,CUST_00029,2023-01-05,2023-01-15,beauty,21.87,credit_card,regular,FR,1352,14,10,0,,,0.0,1,0,
ORD_0000293,CUST_00128,2023-09-24,2023-10-04,books,8.61,credit_card,regular,US,2980,17,10,0,,,0.0,1,0,
ORD_0016958,CUST_00082,2024-07-26,2024-08-02,clothing,81.31,credit_card,regular,UK,1859,19,7,0,,,0.0,1,0,
ORD_0030861,CUST_01028,2023-03-11,2023-03-23,beauty,21.04,debit_card,regular,US,395,10,12,1,wrong_size,14.0,12.69,0,0,
ORD_0014074,CUST_00045,2023-05-18,2023-05-21,clothing,38.64,apple_pay,regular,CA,1754,15,3,1,changed_mind,22.0,36.98,1,0,
ORD_0021857,CUST_00992,2023-11-26,2023-12-05,electronics,315.67,debit_card,regular,AU,2465,17,9,0,,,0.0,0,0,
ORD_0022080,CUST_00125,2024-05-03,2024-05-16,electronics,199.1,paypal,budget,UK,545,9,13,0,,,0.0,1,0,
ORD_0017024,CUST_01007,2024-03-23,2024-03-24,books,13.89,credit_card,budget,US,2058,15,1,0,,,0.0,0,0,
ORD_0008740,CUST_01185,2022-04-19,2022-04-23,beauty,49.07,paypal,budget,US,3043,11,4,0,,,0.0,0,0,
ORD_0015826,CUST_01418,2023-03-03,2023-03-14,books,20.38,debit_card,regular,CA,3102,10,11,0,,,0.0,0,0,
ORD_0002742,CUST_00835,2023-01-31,2023-02-06,clothing,42.5,credit_card,regular,CA,3447,9,6,1,wrong_size,10.0,38.22,0,0,
ORD_0018049,CUST_00213,2023-06-20,2023-06-26,clothing,33.17,apple_pay,premium,US,2431,12,6,1,gift_return,14.0,29.6,0,0,
ORD_0049937,CUST_00792,2023-09-22,2023-10-02,clothing,46.65,paypal,regular,US,1133,12,10,0,,,0.0,1,0,
ORD_0017373,CUST_00613,2022-08-30,2022-09-01,electronics,67.86,apple_pay,regular,UK,2629,7,2,0,,,0.0,0,0,
ORD_0022022,CUST_01547,2024-08-31,2024-09-05,clothing,49.25,paypal,vip,IN,1480,4,5,0,,,0.0,0,0,
ORD_0046365,CUST_01073,2023-06-14,2023-06-25,clothing,41.83,credit_card,regular,CA,1360,16,11,0,,,0.0,0,0,
ORD_0023538,CUST_01891,2022-01-27,2022-02-03,beauty,38.95,credit_card,budget,UK,3241,20,7,1,wrong_size,16.0,35.18,0,0,
ORD_0045500,CUST_01849,2022-01-19,2022-01-25,home,69.09,paypal,premium,IN,364,9,6,0,,,0.0,1,0,
ORD_0040186,CUST_01353,2024-04-21,2024-04-29,electronics,202.33,apple_pay,regular,AU,2510,7,8,0,,,0.0,0,0,
ORD_0009614,CUST_01339,2022-06-23,2022-07-05,electronics,99.44,paypal,premium,UK,466,13,12,0,,,0.0,1,0,
ORD_0043282,CUST_00718,2023-11-09,2023-11-20,sports,16.08,paypal,regular,UK,844,14,11,1,defective,23.0,12.59,0,0,
ORD_0037892,CUST_01181,2024-04-12,2024-04-17,clothing,39.29,credit_card,premium,IN,3534,12,5,0,,,0.0,0,0,
ORD_0026179,CUST_01115,2023-10-01,2023-10-04,beauty,63.73,debit_card,budget,IN,916,20,3,0,,,0.0,0,0,
ORD_0045893,CUST_00279,2023-05-06,2023-05-07,electronics,123.18,credit_card,premium,US,529,10,1,0,,,0.0,0,0,
ORD_0020934,CUST_00035,2024-07-31,2024-08-12,beauty,43.86,credit_card,regular,US,1925,11,12,1,not_as_described,14.0,27.0,2,0,
ORD_0040972,CUST_00146,2023-06-09,2023-06-17,sports,103.14,apple_pay,budget,AU,1962,11,8,0,,,0.0,0,0,
ORD_0022225,CUST_01674,2022-01-27,2022-01-29,home,73.8,apple_pay,budget,DE,1048,11,2,0,,,0.0,0,0,
ORD_0024382,CUST_01517,2022-07-22,2022-08-01,clothing,79.08,debit_card,budget,DE,2001,20,10,0,,,0.0,1,0,
ORD_0034856,CUST_00381,2024-10-01,2024-10-12,beauty,28.63,credit_card,regular,AU,2812,9,11,0,,,0.0,0,0,
ORD_0048578,CUST_00078,2022-08-12,2022-08-19,sports,43.61,debit_card,regular,US,248,10,7,1,gift_return,23.0,29.16,1,0,
ORD_0038537,CUST_00045,2022-08-25,2022-08-27,beauty,44.89,debit_card,regular,CA,1754,15,2,0,,,0.0,1,0,
ORD_0031756,CUST_00812,2022-11-11,2022-11-13,books,29.55,credit_card,regular,US,3148,17,2,0,,,0.0,1,0,
ORD_0007754,CUST_01244,2022-06-22,2022-07-01,electronics,309.79,credit_card,regular,US,3151,14,9,1,gift_return,26.0,259.5,0,0,
ORD_0046639,CUST_00396,2023-03-28,2023-04-02,sports,30.14,credit_card,budget,FR,2152,5,5,0,,,0.0,0,0,
ORD_0043835,CUST_00338,2022-05-17,2022-05-22,sports,98.29,apple_pay,budget,US,2013,10,5,0,,,0.0,0,0,
ORD_0026236,CUST_01562,2024-04-18,2024-04-19,beauty,47.28,credit_card,budget,UK,394,13,1,1,wrong_size,16.0,43.91,0,0,
ORD_0044230,CUST_01908,2023-10-01,2023-10-13,clothing,76.01,apple_pay,vip,US,2270,17,12,0,,,0.0,1,0,
ORD_0049597,CUST_00634,2022-04-22,2022-04-28,beauty,73.33,paypal,regular,US,3281,9,6,1,changed_mind,14.0,64.62,1,0,
ORD_0018553,CUST_00839,2024-06-19,2024-06-23,electronics,73.84,credit_card,regular,US,849,8,4,0,,,0.0,0,0,
ORD_0043137,CUST_00011,2023-09-04,2023-09-17,clothing,63.25,paypal,budget,IN,1148,10,13,1,wrong_size,27.0,35.31,2,0,
ORD_0036673,CUST_00357,2022-06-05,2022-06-07,electronics,789.27,apple_pay,budget,US,1483,11,2,0,,,0.0,1,0,
ORD_0043650,CUST_01115,2022-11-23,2022-12-01,beauty,14.47,apple_pay,budget,IN,916,20,8,1,wrong_size,9.0,7.36,0,0,
ORD_0003941,CUST_01337,2024-09-16,2024-09-24,books,16.88,credit_card,budget,US,411,9,8,1,defective,10.0,14.4,1,0,
ORD_0031497,CUST_00889,2022-06-05,2022-06-08,beauty,31.13,debit_card,premium,IN,2392,16,3,0,,,0.0,0,0,
ORD_0026594,CUST_01787,2022-06-24,2022-07-07,clothing,23.74,debit_card,budget,US,2738,11,13,0,,,0.0,1,0,
ORD_0023922,CUST_01343,2023-03-06,2023-03-17,sports,41.59,debit_card,regular,AU,1978,12,11,1,wrong_size,16.0,37.96,0,0,
ORD_0026403,CUST_00459,2024-10-19,2024-10-31,electronics,244.98,debit_card,budget,UK,1879,10,12,0,,,0.0,0,0,
ORD_0045943,CUST_00235,2022-12-24,2023-01-06,home,59.87,crypto,regular,US,2461,10,13,1,defective,27.0,52.31,0,0,
ORD_0048526,CUST_01916,2024-06-05,2024-06-16,electronics,132.91,apple_pay,budget,US,1876,16,11,0,,,0.0,0,0,
ORD_0018316,CUST_00904,2024-05-08,2024-05-15,electronics,177.42,paypal,premium,US,221,18,7,1,defective,20.0,155.49,0,0,
ORD_0036894,CUST_00733,2023-05-29,2023-06-11,electronics,164.47,credit_card,budget,AU,1118,7,13,0,,,0.0,2,0,
ORD_0026696,CUST_01836,2023-11-06,2023-11-10,sports,53.23,credit_card,vip,US,2485,12,4,0,,,0.0,1,0,
ORD_0042128,CUST_01865,2022-03-27,2022-04-07,electronics,120.59,credit_card,regular,US,65,8,11,0,,,0.0,0,0,
ORD_0014171,CUST_01273,2024-12-28,2024-12-30,clothing,33.69,credit_card,budget,US,456,15,2,0,,,0.0,0,0,
ORD_0003733,CUST_01275,2024-09-18,2024-09-19,clothing,14.18,crypto,budget,US,2925,9,1,0,,,0.0,0,0,
ORD_0007882,CUST_00580,2024-04-19,2024-04-24,electronics,28.45,paypal,budget,IN,3179,4,5,0,,,0.0,2,0,
ORD_0006017,CUST_01928,2024-03-14,2024-03-20,clothing,123.32,debit_card,premium,US,2050,11,6,0,,,0.0,0,0,
ORD_0023030,CUST_00852,2023-08-16,2023-08-20,sports,51.61,credit_card,regular,US,1139,5,4,0,,,0.0,0,0,
ORD_0035474,CUST_00356,2024-08-11,2024-08-15,beauty,27.34,paypal,budget,UK,368,14,4,0,,,0.0,0,0,
ORD_0049686,CUST_00937,2023-01-23,2023-01-24,sports,97.25,credit_card,regular,CA,1852,15,1,0,,,0.0,0,0,
ORD_0004818,CUST_01276,2024-03-23,2024-04-04,sports,134.16,paypal,regular,US,966,11,12,1,wrong_size,20.0,85.29,0,0,
ORD_0041694,CUST_01170,2023-04-23,2023-05-05,clothing,31.02,paypal,regular,FR,1020,11,12,1,wrong_size,23.0,19.94,0,0,
ORD_0012008,CUST_01032,2024-03-31,2024-04-08,clothing,29.3,credit_card,budget,US,2333,9,8,0,,,0.0,0,0,
ORD_0041328,CUST_01642,2024-04-10,2024-04-13,beauty,35.67,debit_card,budget,DE,1296,17,3,0,,,0.0,1,0,
ORD_0009507,CUST_01324,2024-03-08,2024-03-17,beauty,43.09,credit_card,premium,US,592,9,9,1,defective,22.0,22.59,2,0,
ORD_0044799,CUST_00073,2022-10-17,2022-10-29,clothing,63.67,credit_card,regular,US,740,18,12,1,not_as_described,9.0,61.78,3,0,
ORD_0034063,CUST_01375,2022-09-17,2022-09-30,books,25.58,paypal,regular,IN,3528,12,13,0,,,0.0,2,0,
ORD_0027475,CUST_01249,2023-10-01,2023-10-10,clothing,88.63,paypal,budget,IN,2124,16,9,1,changed_mind,17.0,80.43,0,0,
ORD_0031144,CUST_00115,2024-09-19,2024-10-02,books,11.39,credit_card,vip,DE,2899,13,13,1,changed_mind,6.0,9.19,1,0,
ORD_0021236,CUST_00994,2022-12-09,2022-12-17,electronics,185.7,debit_card,regular,US,3445,11,8,1,defective,21.0,137.55,2,0,
ORD_0001391,CUST_00647,2024-04-19,2024-04-22,books,14.6,debit_card,regular,DE,3149,11,3,0,,,0.0,0,0,
ORD_0038250,CUST_00656,2022-05-24,2022-06-06,clothing,18.96,crypto,regular,AU,1328,13,13,0,,,0.0,2,0,
ORD_0037625,CUST_00889,2022-02-28,2022-03-04,sports,94.92,paypal,premium,IN,2392,16,4,1,gift_return,7.0,87.84,0,0,
ORD_0042029,CUST_01843,2023-08-28,2023-09-09,electronics,321.84,credit_card,premium,DE,1830,13,12,0,,,0.0,0,0,
ORD_0020835,CUST_00167,2023-04-08,2023-04-09,sports,72.43,credit_card,regular,US,3566,9,1,0,,,0.0,2,0,
ORD_0014758,CUST_00773,2023-12-07,2023-12-09,clothing,26.27,debit_card,regular,IN,2234,10,2,0,,,0.0,1,0,
ORD_0026397,CUST_01594,2024-07-14,2024-07-19,electronics,165.84,credit_card,regular,US,3358,13,5,0,,,0.0,1,0,
ORD_0006809,CUST_01318,2023-05-27,2023-05-30,clothing,16.16,credit_card,regular,US,2082,14,3,0,,,0.0,0,0,
ORD_0009226,CUST_01692,2023-07-26,2023-07-29,sports,52.37,crypto,premium,AU,2926,11,3,0,,,0.0,0,0,
ORD_0048395,CUST_01304,2024-04-04,2024-04-07,sports,66.67,paypal,premium,IN,706,11,3,0,,,0.0,0,0,
ORD_0005396,CUST_01358,2022-06-28,2022-07-08,clothing,29.34,debit_card,budget,US,185,7,10,0,,,0.0,1,0,
ORD_0006944,CUST_00573,2022-08-09,2022-08-20,home,38.66,credit_card,premium,US,1608,16,11,1,changed_mind,6.0,33.91,0,0,
ORD_0023871,CUST_00307,2023-09-19,2023-09-26,sports,168.71,debit_card,regular,IN,1923,13,7,1,gift_return,11.0,162.62,0,0,
ORD_0032493,CUST_00541,2023-03-08,2023-03-14,home,149.92,credit_card,vip,DE,1980,13,6,0,,,0.0,0,0,
ORD_0036346,CUST_01664,2023-06-02,2023-06-05,electronics,79.56,credit_card,regular,FR,795,12,3,0,,,0.0,1,0,
ORD_0010756,CUST_01299,2024-07-27,2024-07-28,electronics,64.35,credit_card,premium,FR,2578,13,1,1,defective,18.0,46.46,0,0,
ORD_0012302,CUST_00279,2024-07-19,2024-07-27,electronics,416.28,apple_pay,premium,US,529,10,8,0,,,0.0,0,0,
ORD_0048387,CUST_00662,2022-12-24,2022-12-27,clothing,533.66,debit_card,vip,US,1514,18,3,0,,,0.0,0,0,
ORD_0042746,CUST_00003,2024-01-10,2024-01-15,home,307.19,apple_pay,regular,AU,3425,16,5,0,,,0.0,1,0,
ORD_0029090,CUST_01876,2023-11-15,2023-11-19,electronics,999.07,debit_card,regular,US,597,11,4,0,,,0.0,0,0,
ORD_0044713,CUST_00615,2024-05-17,2024-05-23,home,30.3,apple_pay,budget,US,2054,7,6,1,defective,9.0,15.18,0,0,
ORD_0014344,CUST_00625,2023-11-15,2023-11-28,beauty,36.83,debit_card,vip,CA,1319,12,13,0,,,0.0,0,0,
ORD_0038173,CUST_01880,2022-10-07,2022-10-20,beauty,19.43,credit_card,budget,DE,2675,12,13,1,wrong_size,11.0,16.37,0,0,
ORD_0005072,CUST_00014,2024-10-18,2024-10-23,books,8.47,paypal,vip,US,2249,5,5,0,,,0.0,0,0,
ORD_0024122,CUST_00925,2022-07-14,2022-07-27,books,15.44,credit_card,budget,US,1097,9,13,0,,,0.0,0,0,
ORD_0048810,CUST_00839,2022-04-18,2022-04-28,clothing,87.9,credit_card,regular,US,849,8,10,0,,,0.0,0,0,
ORD_0017821,CUST_00236,2024-05-22,2024-06-02,electronics,396.09,credit_card,budget,US,3534,8,11,0,,,0.0,0,0,
ORD_0001123,CUST_01411,2022-08-13,2022-08-17,clothing,48.1,credit_card,vip,AU,3200,12,4,0,,,0.0,0,0,
ORD_0011265,CUST_01218,2022-08-29,2022-09-06,electronics,392.36,debit_card,budget,US,3507,17,8,0,,,0.0,0,0,
ORD_0030580,CUST_01705,2024-06-13,2024-06-14,sports,32.45,debit_card,premium,US,2583,13,1,0,,,0.0,0,0,
ORD_0045465,CUST_01484,2022-10-13,2022-10-20,books,28.97,paypal,premium,US,3030,13,7,0,,,0.0,0,0,
ORD_0048217,CUST_00638,2022-09-18,2022-09-26,home,170.07,paypal,premium,DE,1543,12,8,0,,,0.0,0,0,
ORD_0043045,CUST_01633,2023-11-03,2023-11-09,electronics,891.02,credit_card,premium,US,1881,11,6,0,,,0.0,0,0,
ORD_0015657,CUST_00735,2024-03-14,2024-03-26,electronics,35.51,debit_card,regular,US,3506,11,12,1,wrong_size,15.0,27.02,1,0,
ORD_0001901,CUST_00443,2023-11-22,2023-11-29,beauty,42.82,crypto,regular,UK,176,10,7,0,,,0.0,0,0,
ORD_0000148,CUST_00630,2023-01-26,2023-02-06,clothing,99.19,credit_card,premium,US,594,12,11,0,,,0.0,1,0,
ORD_0029643,CUST_00970,2024-06-04,2024-06-17,home,137.17,debit_card,regular,DE,1409,17,13,0,,,0.0,0,0,
ORD_0003212,CUST_00233,2023-09-07,2023-09-11,home,107.68,debit_card,regular,AU,2281,14,4,1,defective,25.0,82.15,0,0,
ORD_0043851,CUST_01646,2023-03-19,2023-03-26,electronics,542.82,paypal,budget,US,1044,17,7,1,defective,4.0,348.72,1,0,
ORD_0002355,CUST_00813,2024-02-12,2024-02-13,home,188.98,debit_card,vip,CA,1033,13,1,1,changed_mind,21.0,180.77,2,0,
ORD_0031521,CUST_00658,2024-05-02,2024-05-06,sports,39.81,debit_card,premium,DE,2513,19,4,0,,,0.0,0,0,
ORD_0042584,CUST_01951,2024-01-06,2024-01-15,sports,121.16,apple_pay,budget,US,2666,8,9,0,,,0.0,2,0,
ORD_0043338,CUST_01148,2022-04-04,2022-04-17,clothing,26.69,credit_card,premium,CA,50,20,13,0,,,0.0,1,0,
ORD_0045285,CUST_00623,2024-06-16,2024-06-26,clothing,33.16,credit_card,premium,UK,1410,11,10,1,changed_mind,27.0,16.64,0,0,
ORD_0046957,CUST_01351,2024-09-16,2024-09-26,beauty,26.21,debit_card,premium,UK,3081,9,10,0,,,0.0,2,0,
ORD_0048791,CUST_01428,2023-01-06,2023-01-19,sports,64.42,paypal,budget,UK,1976,18,13,0,,,0.0,0,0,
ORD_0036586,CUST_00016,2023-08-29,2023-09-02,beauty,54.96,paypal,vip,AU,2450,9,4,0,,,0.0,1,0,
ORD_0010466,CUST_01278,2022-06-07,2022-06-17,beauty,33.73,debit_card,budget,FR,869,11,10,0,,,0.0,0,0,
ORD_0007822,CUST_00999,2022-01-06,2022-01-15,sports,89.33,paypal,regular,FR,3069,11,9,1,gift_return,3.0,60.41,1,0,
ORD_0007206,CUST_01155,2022-10-19,2022-10-27,clothing,47.85,apple_pay,regular,US,800,11,8,0,,,0.0,0,0,
ORD_0006414,CUST_00474,2022-08-28,2022-09-03,home,73.05,credit_card,vip,UK,16,17,6,0,,,0.0,0,0,
ORD_0034047,CUST_01462,2022-06-17,2022-06-18,electronics,216.69,debit_card,premium,IN,2971,10,1,1,gift_return,29.0,205.18,3,0,
ORD_0012729,CUST_00188,2022-02-13,2022-02-23,electronics,100.16,credit_card,premium,UK,3558,10,10,0,,,0.0,0,0,
ORD_0006926,CUST_00674,2023-08-25,2023-08-27,beauty,30.99,credit_card,budget,CA,3276,12,2,0,,,0.0,0,0,
ORD_0027996,CUST_01295,2024-12-27,2024-12-30,sports,59.72,paypal,regular,US,2344,11,3,0,,,0.0,0,0,
ORD_0037613,CUST_00533,2023-12-24,2023-12-25,books,20.35,apple_pay,budget,IN,2425,11,1,0,,,0.0,1,0,
ORD_0039484,CUST_00355,2023-12-01,2023-12-12,clothing,96.65,debit_card,premium,DE,3123,9,11,0,,,0.0,0,0,
ORD_0003017,CUST_01396,2024-02-20,2024-02-27,electronics,108.8,apple_pay,premium,US,3258,8,7,1,gift_return,29.0,83.39,0,0,
ORD_0001641,CUST_01775,2024-03-06,2024-03-15,beauty,30.25,apple_pay,regular,FR,1869,10,9,0,,,0.0,1,0,
ORD_0008884,CUST_00528,2022-07-19,2022-07-27,beauty,20.35,paypal,budget,IN,2202,11,8,1,not_as_described,12.0,18.63,0,0,
ORD_0037602,CUST_01828,2024-01-11,2024-01-14,clothing,144.13,credit_card,budget,US,2803,11,3,0,,,0.0,2,0,
ORD_0012970,CUST_01038,2024-01-19,2024-01-23,beauty,28.37,credit_card,regular,US,1733,9,4,0,,,0.0,0,0,
ORD_0023464,CUST_00070,2024-03-14,2024-03-21,clothing,20.97,debit_card,budget,IN,2560,12,7,0,,,0.0,0,0,
ORD_0015758,CUST_00794,2023-03-03,2023-03-07,clothing,25.79,credit_card,regular,IN,2626,10,4,0,,,0.0,0,0,
ORD_0044077,CUST_01800,2022-10-27,2022-11-06,sports,42.68,credit_card,premium,IN,52,14,10,0,,,0.0,0,0,
ORD_0004087,CUST_00992,2023-06-19,2023-06-28,electronics,187.63,credit_card,regular,AU,2465,17,9,0,,,0.0,2,0,
ORD_0000509,CUST_01656,2024-07-30,2024-08-09,clothing,16.25,credit_card,budget,UK,2566,13,10,0,,,0.0,0,0,
ORD_0006355,CUST_01163,2024-05-17,2024-05-20,electronics,89.82,credit_card,budget,US,3616,12,3,0,,,0.0,1,0,
ORD_0029645,CUST_00773,2023-10-25,2023-10-28,sports,20.68,credit_card,regular,IN,2234,10,3,0,,,0.0,0,0,
ORD_0020816,CUST_00726,2023-02-21,2023-03-03,home,53.83,paypal,regular,US,1406,9,10,0,,,0.0,0,0,
ORD_0006235,CUST_01924,2023-02-27,2023-03-05,sports,100.89,debit_card,regular,DE,3429,14,6,1,wrong_size,18.0,82.27,0,0,
ORD_0031990,CUST_01027,2022-04-23,2022-04-24,electronics,86.19,debit_card,budget,UK,1817,5,1,1,not_as_described,20.0,72.59,2,0,
ORD_0012996,CUST_00182,2022-08-18,2022-08-27,clothing,101.56,credit_card,vip,IN,1139,14,9,0,,,0.0,0,0,
ORD_0042502,CUST_01217,2023-10-05,2023-10-06,books,25.15,paypal,regular,AU,3188,15,1,0,,,0.0,0,0,
ORD_0038921,CUST_01111,2022-02-17,2022-02-20,clothing,71.43,credit_card,vip,IN,3339,12,3,1,gift_return,11.0,38.27,0,0,
ORD_0000263,CUST_00081,2024-11-12,2024-11-24,clothing,71.51,credit_card,premium,FR,3248,16,12,0,,,0.0,0,0,
ORD_0007892,CUST_00491,2023-06-09,2023-06-17,electronics,139.32,paypal,regular,US,725,20,8,1,changed_mind,10.0,125.46,1,0,
ORD_0010528,CUST_01796,2023-06-19,2023-06-24,beauty,21.54,paypal,budget,CA,1807,13,5,0,,,0.0,0,0,
ORD_0018601,CUST_01713,2024-01-29,2024-02-03,home,72.33,debit_card,premium,US,3414,13,5,0,,,0.0,0,0,
ORD_0024115,CUST_01491,2024-12-16,2024-12-26,home,227.02,credit_card,premium,US,1447,9,10,0,,,0.0,0,0,
ORD_0033499,CUST_01550,2022-01-06,2022-01-09,sports,72.81,apple_pay,vip,US,2978,11,3,0,,,0.0,0,0,
ORD_0013472,CUST_01405,2024-06-25,2024-07-04,home,100.56,apple_pay,vip,AU,2975,18,9,1,gift_return,18.0,69.68,0,0,
ORD_0031726,CUST_01826,2023-01-23,2023-02-04,clothing,66.04,credit_card,regular,IN,450,12,12,0,,,0.0,0,0,
ORD_0023691,CUST_00653,2022-05-23,2022-05-25,clothing,58.25,credit_card,regular,CA,3517,18,2,0,,,0.0,0,0,
ORD_0010558,CUST_00383,2024-09-19,2024-09-22,clothing,47.15,apple_pay,premium,IN,3539,7,3,0,,,0.0,1,0,
ORD_0006557,CUST_00995,2022-08-31,2022-09-11,beauty,37.99,apple_pay,regular,DE,628,12,11,1,gift_return,25.0,33.88,0,0,
ORD_0045578,CUST_01369,2023-06-15,2023-06-27,electronics,73.02,debit_card,regular,CA,3040,6,12,1,gift_return,24.0,62.54,2,0,
ORD_0041504,CUST_00359,2022-04-03,2022-04-12,electronics,485.63,debit_card,budget,US,616,18,9,1,defective,21.0,441.25,2,0,
ORD_0027873,CUST_01733,2024-05-16,2024-05-21,beauty,25.44,debit_card,regular,UK,454,14,5,1,defective,25.0,24.62,1,0,
ORD_0010811,CUST_00116,2024-12-08,2024-12-12,electronics,74.75,credit_card,budget,US,2886,16,4,1,not_as_described,27.0,46.57,1,0,
ORD_0038215,CUST_01016,2022-04-20,2022-04-24,beauty,53.0,paypal,premium,AU,2664,12,4,1,gift_return,28.0,41.27,0,0,
ORD_0011731,CUST_01770,2024-09-23,2024-09-29,beauty,122.67,debit_card,premium,US,84,8,6,0,,,0.0,0,0,
ORD_0027439,CUST_00697,2022-07-04,2022-07-13,electronics,360.75,debit_card,premium,US,777,9,9,0,,,0.0,3,0,
ORD_0021780,CUST_00983,2024-04-02,2024-04-13,home,67.77,paypal,regular,DE,3,21,11,0,,,0.0,0,0,
ORD_0034080,CUST_00772,2024-07-04,2024-07-11,clothing,82.32,debit_card,budget,FR,2787,11,7,0,,,0.0,0,0,
ORD_0022916,CUST_00342,2024-06-13,2024-06-15,books,23.26,credit_card,premium,US,504,13,2,0,,,0.0,1,0,
ORD_0008086,CUST_01579,2024-08-04,2024-08-09,beauty,31.02,debit_card,regular,US,2016,16,5,0,,,0.0,0,0,
ORD_0043468,CUST_00302,2022-01-08,2022-01-12,sports,16.26,debit_card,budget,FR,820,18,4,0,,,0.0,0,0,
ORD_0014710,CUST_00566,2022-11-24,2022-12-02,home,98.43,credit_card,budget,UK,3397,14,8,0,,,0.0,1,0,
ORD_0015467,CUST_01892,2022-05-21,2022-06-02,clothing,80.59,paypal,budget,UK,2632,9,12,0,,,0.0,0,0,
ORD_0037173,CUST_00438,2023-06-14,2023-06-21,clothing,59.37,credit_card,regular,UK,950,7,7,1,wrong_size,11.0,43.53,0,0,
ORD_0028749,CUST_00858,2023-11-26,2023-12-08,electronics,29.76,credit_card,regular,IN,3488,16,12,1,gift_return,27.0,17.72,0,0,
ORD_0003105,CUST_01242,2022-03-25,2022-03-31,clothing,64.19,apple_pay,regular,DE,336,13,6,0,,,0.0,0,0,
ORD_0000709,CUST_01133,2024-09-25,2024-10-04,beauty,53.02,debit_card,regular,UK,1127,11,9,0,,,0.0,0,0,
ORD_0038386,CUST_01430,2024-01-30,2024-02-10,beauty,37.27,apple_pay,regular,AU,1140,8,11,1,gift_return,17.0,30.42,2,0,
ORD_0023445,CUST_01130,2023-11-30,2023-12-08,clothing,88.97,debit_card,vip,UK,2258,9,8,0,,,0.0,0,0,
ORD_0026511,CUST_00872,2022-10-11,2022-10-14,clothing,34.94,apple_pay,regular,DE,975,7,3,0,,,0.0,0,0,
ORD_0008467,CUST_00681,2024-03-27,2024-04-01,clothing,63.38,debit_card,regular,DE,2850,10,5,0,,,0.0,0,0,
ORD_0006231,CUST_01397,2024-09-16,2024-09-20,electronics,205.47,paypal,regular,UK,2907,8,4,0,,,0.0,0,0,
ORD_0046359,CUST_00710,2024-10-06,2024-10-10,clothing,17.63,debit_card,budget,AU,1746,18,4,0,,,0.0,0,0,
ORD_0039358,CUST_00095,2023-12-04,2023-12-15,sports,94.4,credit_card,budget,US,3454,12,11,1,wrong_size,14.0,58.9,1,0,
ORD_0016387,CUST_00490,2023-05-21,2023-05-25,home,39.59,paypal,premium,AU,571,19,4,0,,,0.0,0,0,
ORD_0034166,CUST_00439,2023-02-06,2023-02-16,electronics,148.95,apple_pay,premium,US,1905,10,10,0,,,0.0,1,0,
ORD_0004169,CUST_00580,2024-10-25,2024-10-27,home,209.73,credit_card,budget,IN,3179,4,2,0,,,0.0,0,0,
ORD_0005804,CUST_01605,2024-03-04,2024-03-11,sports,70.04,paypal,budget,DE,2376,12,7,0,,,0.0,0,0,
ORD_0012754,CUST_00179,2022-03-16,2022-03-21,books,18.29,crypto,budget,US,111,17,5,1,changed_mind,28.0,11.01,0,0,
ORD_0002190,CUST_01664,2023-05-12,2023-05-21,clothing,67.91,apple_pay,regular,FR,795,12,9,0,,,0.0,3,0,
ORD_0012188,CUST_00768,2023-10-25,2023-10-31,clothing,46.96,credit_card,regular,US,943,14,6,0,,,0.0,0,0,
ORD_0031728,CUST_01845,2024-06-22,2024-06-23,beauty,28.96,paypal,regular,UK,627,9,1,1,wrong_size,28.0,17.4,0,0,
ORD_0019246,CUST_00536,2024-11-11,2024-11-20,home,75.96,credit_card,premium,US,3286,10,9,0,,,0.0,0,0,
ORD_0037867,CUST_00794,2022-12-03,2022-12-09,electronics,187.59,paypal,regular,IN,2626,10,6,0,,,0.0,1,0,
ORD_0043515,CUST_00353,2022-07-02,2022-07-04,electronics,43.63,credit_card,regular,AU,246,11,2,0,,,0.0,1,0,
ORD_0008719,CUST_01642,2024-12-30,2025-01-08,beauty,33.52,credit_card,budget,DE,1296,17,9,1,not_as_described,13.0,32.53,3,0,
ORD_0028825,CUST_00723,2022-02-03,2022-02-04,books,25.86,credit_card,premium,IN,2523,6,1,1,defective,12.0,25.4,0,0,
ORD_0024469,CUST_01362,2023-08-19,2023-08-31,electronics,230.54,apple_pay,regular,US,2810,12,12,0,,,0.0,0,0,
ORD_0048253,CUST_01076,2023-10-22,2023-10-23,clothing,104.02,debit_card,budget,US,182,8,1,0,,,0.0,0,0,
ORD_0007202,CUST_00720,2022-09-15,2022-09-26,beauty,34.7,credit_card,vip,US,1071,12,11,0,,,0.0,0,0,
ORD_0009283,CUST_01078,2022-02-14,2022-02-19,sports,118.71,debit_card,regular,CA,511,11,5,1,changed_mind,15.0,70.58,1,0,
ORD_0026821,CUST_00439,2023-03-30,2023-04-05,electronics,65.55,paypal,premium,US,1905,10,6,0,,,0.0,1,0,
ORD_0027374,CUST_01075,2023-08-09,2023-08-21,clothing,28.59,credit_card,regular,DE,832,19,12,0,,,0.0,1,0,
ORD_0022493,CUST_00189,2022-06-05,2022-06-07,clothing,67.17,credit_card,premium,CA,2420,13,2,0,,,0.0,2,0,
ORD_0045638,CUST_00723,2023-05-03,2023-05-08,clothing,116.76,apple_pay,premium,IN,2523,6,5,0,,,0.0,0,0,
ORD_0045880,CUST_00218,2023-02-16,2023-02-19,electronics,145.74,credit_card,budget,CA,568,11,3,0,,,0.0,0,0,
ORD_0029340,CUST_00790,2023-12-12,2023-12-22,home,44.7,credit_card,premium,US,408,20,10,1,changed_mind,8.0,39.62,0,0,
ORD_0046548,CUST_00374,2023-08-27,2023-09-05,books,15.4,credit_card,budget,US,923,20,9,0,,,0.0,0,0,
ORD_0010804,CUST_01847,2023-07-05,2023-07-08,electronics,121.83,credit_card,budget,UK,3111,10,3,0,,,0.0,0,0,
ORD_0020965,CUST_01742,2022-01-14,2022-01-19,electronics,84.57,credit_card,regular,AU,2512,11,5,0,,,0.0,2,0,
ORD_0030033,CUST_00133,2024-09-10,2024-09-23,home,26.47,paypal,premium,CA,2059,10,13,0,,,0.0,0,0,
ORD_0005223,CUST_01086,2023-07-11,2023-07-18,clothing,79.05,apple_pay,regular,FR,642,12,7,0,,,0.0,0,0,
ORD_0000660,CUST_00188,2022-04-10,2022-04-11,home,34.64,debit_card,premium,UK,3558,10,1,0,,,0.0,1,0,
ORD_0033246,CUST_01362,2022-06-30,2022-07-10,clothing,30.03,credit_card,regular,US,2810,12,10,0,,,0.0,0,0,
ORD_0005866,CUST_00694,2023-01-13,2023-01-21,electronics,148.52,paypal,budget,US,329,10,8,0,,,0.0,0,0,
ORD_0048872,CUST_00634,2023-05-18,2023-05-26,home,40.29,credit_card,regular,US,3281,9,8,0,,,0.0,0,0,
ORD_0022986,CUST_01026,2024-04-16,2024-04-28,home,19.51,credit_card,vip,AU,3428,14,12,1,not_as_described,11.0,14.96,0,0,
ORD_0028881,CUST_01063,2023-08-28,2023-09-10,sports,64.92,debit_card,regular,CA,1411,11,13,1,changed_mind,15.0,43.25,1,0,
ORD_0047088,CUST_01469,2023-08-29,2023-09-07,clothing,103.36,credit_card,premium,AU,2023,10,9,0,,,0.0,1,0,
ORD_0026528,CUST_01214,2023-03-20,2023-03-21,home,43.71,credit_card,regular,US,272,12,1,0,,,0.0,1,0,
ORD_0009648,CUST_01815,2023-04-04,2023-04-16,beauty,49.06,paypal,budget,DE,379,12,12,0,,,0.0,0,0,
ORD_0049546,CUST_01324,2024-11-05,2024-11-15,home,161.63,debit_card,premium,US,592,9,10,1,changed_mind,25.0,103.49,1,0,
ORD_0032375,CUST_00448,2024-06-07,2024-06-19,books,16.33,paypal,regular,US,703,18,12,0,,,0.0,1,0,
ORD_0026159,CUST_01088,2023-04-22,2023-05-01,clothing,29.94,credit_card,budget,DE,634,12,9,0,,,0.0,0,0,
ORD_0011712,CUST_00339,2023-08-07,2023-08-14,clothing,83.83,credit_card,regular,IN,2491,15,7,0,,,0.0,0,0,
ORD_0027239,CUST_00380,2023-05-06,2023-05-08,electronics,251.07,credit_card,budget,CA,1560,9,2,1,defective,21.0,246.43,1,0,
ORD_0018354,CUST_00690,2023-06-10,2023-06-23,beauty,19.16,debit_card,premium,IN,2992,12,13,0,,,0.0,0,0,
ORD_0049515,CUST_01665,2023-01-19,2023-01-22,home,58.35,credit_card,regular,FR,2311,12,3,0,,,0.0,0,0,
ORD_0021725,CUST_00385,2022-10-01,2022-10-06,clothing,68.71,debit_card,premium,US,2927,13,5,0,,,0.0,0,0,
ORD_0025925,CUST_00393,2024-07-11,2024-07-18,home,220.52,apple_pay,budget,IN,168,8,7,1,not_as_described,19.0,180.16,0,0,
ORD_0041390,CUST_00424,2022-11-27,2022-12-02,home,78.52,credit_card,regular,IN,967,14,5,0,,,0.0,0,0,
ORD_0004773,CUST_00819,2024-10-25,2024-11-07,electronics,304.31,debit_card,budget,CA,2985,8,13,0,,,0.0,1,0,
ORD_0035205,CUST_00440,2024-02-01,2024-02-07,electronics,29.67,debit_card,premium,AU,3588,11,6,0,,,0.0,0,0,
ORD_0027879,CUST_01160,2024-01-03,2024-01-10,home,43.76,debit_card,budget,US,1364,9,7,0,,,0.0,1,0,
ORD_0005875,CUST_00331,2023-02-05,2023-02-13,clothing,18.58,credit_card,regular,US,1094,14,8,0,,,0.0,1,0,
ORD_0017805,CUST_00007,2022-08-22,2022-08-27,electronics,52.25,debit_card,premium,UK,559,7,5,0,,,0.0,1,0,
ORD_0034224,CUST_00963,2024-05-04,2024-05-17,electronics,162.04,credit_card,regular,IN,892,19,13,0,,,0.0,0,0,
ORD_0007842,CUST_01198,2023-09-15,2023-09-18,sports,33.85,credit_card,regular,UK,1760,17,3,0,,,0.0,2,0,
ORD_0015923,CUST_00057,2024-07-19,2024-07-29,home,97.65,credit_card,budget,IN,666,10,10,0,,,0.0,0,0,
ORD_0028367,CUST_00471,2024-05-24,2024-06-01,clothing,53.57,debit_card,vip,IN,2317,15,8,1,gift_return,21.0,33.7,0,0,
ORD_0012084,CUST_00119,2022-12-18,2022-12-30,electronics,65.42,debit_card,budget,UK,621,12,12,1,wrong_size,29.0,43.44,1,0,
ORD_0020034,CUST_00354,2023-06-13,2023-06-23,clothing,163.13,credit_card,regular,US,144,14,10,0,,,0.0,0,0,
ORD_0014488,CUST_01935,2022-01-26,2022-01-29,sports,50.96,paypal,premium,US,2228,18,3,0,,,0.0,0,0,
ORD_0020819,CUST_00009,2024-11-11,2024-11-15,home,57.08,credit_card,regular,US,2265,8,4,0,,,0.0,1,0,
ORD_0037518,CUST_00136,2023-03-22,2023-03-31,electronics,102.62,paypal,vip,CA,731,15,9,1,changed_mind,28.0,100.54,1,0,
ORD_0044236,CUST_00273,2022-11-09,2022-11-17,beauty,18.31,debit_card,regular,US,96,14,8,0,,,0.0,0,0,
ORD_0048651,CUST_01747,2023-04-10,2023-04-22,clothing,106.22,credit_card,regular,IN,2799,17,12,1,changed_mind,27.0,101.17,1,0,
ORD_0036236,CUST_01702,2024-01-13,2024-01-23,home,30.58,credit_card,regular,FR,2897,17,10,0,,,0.0,0,0,
ORD_0021070,CUST_00577,2022-10-27,2022-11-01,electronics,160.6,crypto,budget,IN,3575,7,5,0,,,0.0,1,0,
ORD_0009524,CUST_00438,2022-05-04,2022-05-08,electronics,374.14,apple_pay,regular,UK,950,7,4,0,,,0.0,0,0,
ORD_0032756,CUST_00560,2023-01-13,2023-01-16,sports,98.1,paypal,regular,US,2033,13,3,0,,,0.0,0,0,
ORD_0012054,CUST_00158,2022-03-31,2022-04-13,home,329.69,credit_card,budget,IN,1776,9,13,0,,,0.0,0,0,
ORD_0023594,CUST_01380,2023-04-03,2023-04-12,electronics,216.7,credit_card,premium,AU,994,12,9,0,,,0.0,0,0,
ORD_0008038,CUST_00838,2022-03-25,2022-04-04,clothing,23.18,paypal,budget,US,1217,16,10,0,,,0.0,2,0,
ORD_0046977,CUST_01422,2023-09-26,2023-10-07,clothing,95.51,apple_pay,premium,UK,1063,11,11,0,,,0.0,0,0,
ORD_0016400,CUST_00365,2023-08-06,2023-08-14,books,16.78,credit_card,budget,UK,2490,12,8,0,,,0.0,0,0,
ORD_0045786,CUST_00110,2024-06-09,2024-06-16,electronics,79.77,debit_card,premium,CA,1483,16,7,0,,,0.0,0,0,
ORD_0034616,CUST_00211,2023-05-06,2023-05-15,clothing,28.1,paypal,regular,UK,2117,21,9,0,,,0.0,2,0,
ORD_0007625,CUST_01680,2023-02-04,2023-02-17,electronics,33.5,credit_card,vip,IN,3153,5,13,0,,,0.0,0,0,
ORD_0013662,CUST_00970,2022-04-30,2022-05-09,clothing,34.11,paypal,regular,DE,1409,17,9,0,,,0.0,0,0,
ORD_0037737,CUST_01098,2022-02-14,2022-02-22,clothing,61.18,credit_card,regular,DE,3344,13,8,1,gift_return,24.0,43.99,1,0,
ORD_0026542,CUST_00159,2023-05-23,2023-06-02,electronics,80.4,paypal,budget,US,882,12,10,1,wrong_size,8.0,73.32,1,0,
ORD_0013268,CUST_01519,2023-05-24,2023-05-26,beauty,38.3,apple_pay,regular,IN,920,16,2,0,,,0.0,0,0,
ORD_0018083,CUST_00505,2023-12-02,2023-12-12,home,35.52,apple_pay,budget,US,2769,16,10,1,changed_mind,9.0,28.15,1,0,
ORD_0048086,CUST_01838,2023-06-18,2023-06-27,electronics,202.46,debit_card,premium,CA,690,5,9,0,,,0.0,0,0,
ORD_0042768,CUST_01662,2022-03-11,2022-03-19,books,17.8,debit_card,budget,UK,2791,15,8,1,changed_mind,25.0,17.18,1,0,
ORD_0004071,CUST_01200,2023-03-11,2023-03-16,clothing,37.04,debit_card,premium,AU,640,12,5,0,,,0.0,0,0,
ORD_0016287,CUST_01163,2024-03-02,2024-03-14,books,14.26,apple_pay,budget,US,3616,12,12,0,,,0.0,0,0,
ORD_0001119,CUST_00759,2024-01-04,2024-01-06,home,46.77,credit_card,regular,US,3127,7,2,0,,,0.0,3,0,
ORD_0010075,CUST_00081,2023-04-25,2023-04-28,sports,43.24,credit_card,premium,FR,3248,16,3,0,,,0.0,0,0,
ORD_0011374,CUST_00492,2023-08-06,2023-08-15,home,77.81,credit_card,premium,IN,3056,14,9,1,defective,24.0,55.43,0,0,
ORD_0032685,CUST_01207,2023-05-14,2023-05-17,electronics,254.97,credit_card,budget,IN,2922,8,3,0,,,0.0,0,0,
ORD_0046434,CUST_01301,2024-05-19,2024-05-23,electronics,191.35,crypto,premium,CA,3155,14,4,0,,,0.0,0,0,
ORD_0025350,CUST_01579,2022-07-31,2022-08-08,beauty,35.22,debit_card,regular,US,2016,16,8,0,,,0.0,0,0,
ORD_0006716,CUST_01691,2024-12-21,2024-12-24,electronics,231.68,credit_card,premium,CA,3355,13,3,0,,,0.0,0,0,
ORD_0034568,CUST_01791,2022-03-09,2022-03-19,beauty,38.19,debit_card,vip,DE,1332,14,10,0,,,0.0,0,0,
ORD_0001031,CUST_00240,2022-02-02,2022-02-08,home,75.87,debit_card,budget,UK,3626,14,6,0,,,0.0,0,0,
ORD_0022754,CUST_00473,2023-04-18,2023-04-23,electronics,43.64,credit_card,regular,DE,770,11,5,0,,,0.0,2,0,
ORD_0011762,CUST_00415,2024-05-13,2024-05-15,sports,75.23,paypal,regular,FR,3034,11,2,1,not_as_described,17.0,66.53,1,0,
ORD_0035897,CUST_00096,2023-01-05,2023-01-18,clothing,39.14,debit_card,premium,UK,1110,14,13,0,,,0.0,1,0,
ORD_0014493,CUST_01313,2024-07-21,2024-07-26,electronics,369.2,apple_pay,vip,IN,344,12,5,0,,,0.0,0,0,
ORD_0025086,CUST_01286,2024-10-09,2024-10-19,books,17.25,debit_card,budget,DE,2430,17,10,0,,,0.0,0,0,
ORD_0020396,CUST_00864,2024-01-18,2024-01-24,home,36.29,paypal,budget,DE,2427,13,6,0,,,0.0,1,0,
ORD_0004814,CUST_01595,2022-11-05,2022-11-14,clothing,45.35,credit_card,regular,US,2056,11,9,0,,,0.0,0,0,
ORD_0008995,CUST_00425,2024-04-30,2024-05-04,home,21.18,credit_card,regular,UK,3285,12,4,0,,,0.0,1,0,
ORD_0049692,CUST_00239,2023-12-16,2023-12-28,clothing,16.28,apple_pay,regular,CA,2616,13,12,0,,,0.0,0,0,
ORD_0021375,CUST_00453,2022-09-10,2022-09-22,beauty,27.32,debit_card,budget,CA,2518,16,12,0,,,0.0,1,0,
ORD_0030243,CUST_01037,2024-05-19,2024-05-25,clothing,47.76,paypal,regular,US,1646,8,6,0,,,0.0,0,0,
ORD_0047579,CUST_01643,2024-09-01,2024-09-03,home,54.67,credit_card,budget,IN,2774,11,2,1,wrong_size,17.0,39.75,0,0,
ORD_0001165,CUST_01006,2024-10-28,2024-11-03,beauty,29.65,credit_card,regular,DE,3310,9,6,0,,,0.0,0,0,
ORD_0024811,CUST_00843,2024-03-15,2024-03-27,electronics,27.73,credit_card,budget,IN,2470,9,12,0,,,0.0,1,0,
ORD_0021110,CUST_00321,2024-03-25,2024-04-03,home,35.19,apple_pay,budget,US,1441,9,9,1,gift_return,9.0,23.27,0,0,
ORD_0003698,CUST_00473,2024-07-04,2024-07-07,home,33.98,paypal,regular,DE,770,11,3,0,,,0.0,0,0,
ORD_0011439,CUST_00971,2023-01-08,2023-01-11,electronics,31.4,credit_card,regular,DE,1626,9,3,1,not_as_described,12.0,15.79,2,0,
ORD_0004470,CUST_00229,2023-02-23,2023-02-27,sports,261.54,credit_card,budget,IN,3390,12,4,0,,,0.0,2,0,
ORD_0009808,CUST_01043,2022-09-24,2022-09-28,clothing,78.15,debit_card,premium,US,1849,3,4,0,,,0.0,0,0,
ORD_0047768,CUST_01583,2022-09-23,2022-10-02,beauty,35.41,debit_card,regular,CA,2971,22,9,0,,,0.0,0,0,
ORD_0006749,CUST_00872,2023-08-15,2023-08-24,electronics,130.46,apple_pay,regular,DE,975,7,9,0,,,0.0,0,0,
ORD_0049185,CUST_00139,2024-05-12,2024-05-14,sports,134.43,debit_card,budget,IN,2410,9,2,0,,,0.0,0,0,
ORD_0017379,CUST_00205,2023-08-28,2023-09-05,beauty,9.63,debit_card,budget,US,3392,14,8,1,wrong_size,18.0,6.24,0,0,
ORD_0036885,CUST_00297,2023-04-18,2023-04-25,electronics,475.6,credit_card,premium,AU,1361,14,7,0,,,0.0,0,0,
ORD_0013357,CUST_01385,2022-12-28,2023-01-10,beauty,47.41,credit_card,budget,UK,2812,18,13,0,,,0.0,0,0,
ORD_0032405,CUST_01685,2023-12-16,2023-12-23,home,44.1,credit_card,premium,UK,1320,6,7,0,,,0.0,0,0,
ORD_0042455,CUST_00932,2022-03-11,2022-03-24,clothing,61.44,credit_card,premium,DE,497,13,13,0,,,0.0,0,0,
ORD_0046066,CUST_00938,2023-09-05,2023-09-06,clothing,96.75,credit_card,regular,US,3542,10,1,0,,,0.0,1,0,
ORD_0011539,CUST_01832,2024-02-04,2024-02-09,beauty,24.24,credit_card,budget,AU,2246,7,5,1,not_as_described,23.0,19.73,0,0,
ORD_0002009,CUST_01847,2023-01-09,2023-01-14,clothing,26.96,paypal,budget,UK,3111,10,5,1,changed_mind,12.0,17.18,1,0,
ORD_0003222,CUST_01478,2022-07-31,2022-08-09,clothing,81.14,credit_card,budget,US,2063,12,9,0,,,0.0,0,0,
ORD_0044997,CUST_00240,2024-05-02,2024-05-10,electronics,244.37,credit_card,budget,UK,3626,14,8,1,wrong_size,9.0,204.18,1,0,
ORD_0018763,CUST_01861,2024-01-06,2024-01-19,books,13.14,credit_card,premium,AU,1549,7,13,0,,,0.0,1,0,
ORD_0014166,CUST_01568,2022-02-05,2022-02-08,electronics,298.62,paypal,premium,UK,2376,15,3,0,,,0.0,0,0,
ORD_0040684,CUST_01903,2023-04-05,2023-04-08,books,16.15,apple_pay,budget,UK,3494,13,3,0,,,0.0,1,0,
ORD_0025081,CUST_01069,2022-05-05,2022-05-08,clothing,76.91,credit_card,regular,US,1196,9,3,1,wrong_size,13.0,47.63,1,0,
ORD_0001823,CUST_01596,2023-06-04,2023-06-06,beauty,20.76,credit_card,premium,DE,2854,11,2,0,,,0.0,0,0,
ORD_0044662,CUST_01484,2022-06-23,2022-07-01,beauty,37.93,paypal,premium,US,3030,13,8,0,,,0.0,0,0,
ORD_0006849,CUST_01233,2022-07-24,2022-07-25,clothing,45.48,paypal,regular,IN,750,8,1,0,,,0.0,0,0,
ORD_0012636,CUST_00263,2023-08-01,2023-08-03,clothing,101.11,paypal,budget,UK,3620,10,2,0,,,0.0,0,0,
ORD_0037669,CUST_00608,2024-06-11,2024-06-15,clothing,71.8,paypal,vip,IN,868,15,4,0,,,0.0,0,0,
ORD_0006096,CUST_00135,2024-06-30,2024-07-06,beauty,56.36,paypal,regular,US,2444,12,6,0,,,0.0,0,0,
ORD_0039249,CUST_01801,2024-06-05,2024-06-11,electronics,137.64,credit_card,budget,IN,2776,14,6,0,,,0.0,1,0,
ORD_0010578,CUST_00365,2024-05-11,2024-05-19,electronics,104.81,credit_card,budget,UK,2490,12,8,0,,,0.0,0,0,
ORD_0031075,CUST_00363,2024-12-08,2024-12-09,electronics,249.1,debit_card,budget,FR,3228,13,1,0,,,0.0,2,0,
ORD_0029113,CUST_01520,2024-02-29,2024-03-08,electronics,257.03,apple_pay,premium,DE,818,10,8,0,,,0.0,2,0,
ORD_0010193,CUST_01493,2022-08-10,2022-08-19,clothing,55.95,apple_pay,premium,UK,694,10,9,0,,,0.0,0,0,
ORD_0000315,CUST_01695,2022-04-01,2022-04-14,electronics,76.34,credit_card,regular,US,1215,8,13,1,changed_mind,26.0,64.25,0,0,
ORD_0011450,CUST_01861,2023-12-11,2023-12-17,clothing,29.64,credit_card,premium,AU,1549,7,6,0,,,0.0,1,0,
ORD_0030746,CUST_01834,2023-02-22,2023-03-05,home,38.09,paypal,regular,IN,1743,13,11,0,,,0.0,1,0,
ORD_0029703,CUST_01593,2022-05-31,2022-06-06,home,124.99,credit_card,vip,CA,1748,9,6,0,,,0.0,1,0,
ORD_0027659,CUST_01157,2024-03-02,2024-03-07,beauty,43.14,credit_card,budget,IN,3345,7,5,0,,,0.0,0,0,
